INSERT INTO restaurant (id, name, description, longitude, latitude, location, imageURL) VALUES (1, 'La Bella Italia', 'Authentic Italian cuisine with fresh ingredients and traditional recipes passed down through generations', 46.6746, 24.7117, 'Downtown Milano District, Riyadh', 'https://cdn.shortpixel.ai/spai/q_lossy+w_1082+to_webp+ret_img/dishsociety.com/wp-content/uploads/2024/02/0172_230524_DishSociety.jpg'), (2, 'Spice Route', 'Traditional Indian and Pakistani flavors with aromatic spices and tandoor specialties', 46.6289, 24.7453, 'Al Olaya District, Riyadh', 'https://dishsociety.com/wp-content/uploads/2023/12/ranchstyle-eggs.jpg'), (3, 'The Grill House', 'Premium steakhouse featuring the finest cuts of meat and classic American dishes', 46.6186, 24.7736, 'King Fahd Road, Riyadh', 'https://assets.simpleviewinc.com/simpleview/image/upload/c_limit,q_75,w_1200/v1/crm/houston/PS8xHPwk_D5828375-A56E-69C6-0A74B6A71F5EA6B9-d582818db7b4c0f_d582e638-f67f-5b16-4f931a644e945323.jpg'), (4, 'Tokyo Ramen Bar', 'Authentic Japanese ramen and sushi prepared by experienced Japanese chefs', 46.5707, 24.7324, 'Tahlia Street, Riyadh', 'https://images.unsplash.com/photo-1555396273-367ea4eb4db5?ixlib=rb-4.0.3&ixid=M3wxMjA3fDB8MHxwaG90by1wYWdlfHx8fGVufDB8fHx8fA%3D%3D&auto=format&fit=crop&w=1074&q=80'), (5, 'Mediterranean Breeze', 'Fresh Mediterranean cuisine with healthy options and coastal flavors', 46.7311, 24.6947, 'Al Malaz District, Riyadh', 'https://images.unsplash.com/photo-1544148103-0773bf10d330?ixlib=rb-4.0.3&ixid=M3wxMjA3fDB8MHxwaG90by1wYWdlfHx8fGVufDB8fHx8fA%3D%3D&auto=format&fit=crop&w=1170&q=80'); INSERT INTO category (id, name) VALUES (1, 'Pizza'), (2, 'Pasta'), (3, 'Main Course'), (4, 'Dessert'), (5, 'Salad'), (6, 'Appetizer'), (7, 'Rice Dishes'), (8, 'Curry'), (9, 'Grilled'), (10, 'Vegetarian'), (11, 'Bread'), (12, 'Beverages'), (13, 'Steaks'), (14, 'Seafood'), (15, 'BBQ'), (16, 'Sides'), (17, 'Salads'), (18, 'Desserts'), (19, 'Ramen'), (20, 'Sushi'), (21, 'Noodles'), (22, 'Rice Bowls'), (23, 'Wraps'); INSERT INTO menu (id, restaurant_id) VALUES (1, 1), (2, 2), (3, 3), (4, 4), (5, 5); INSERT INTO menu_category (menu_id, category_id) VALUES (1, 1), (1, 2), (1, 3), (1, 4), (1, 5), (1, 6), (2, 7), (2, 8), (2, 9), (2, 10), (2, 11), (2, 6), (2, 12), (3, 13), (3, 14), (3, 15), (3, 16), (3, 17), (3, 18), (4, 19), (4, 3), (4, 20), (4, 21), (4, 6), (4, 22), (4, 18), (5, 14), (5, 9), (5, 17), (5, 6), (5, 3), (5, 23), (5, 18); INSERT INTO dish (id, name, description, calories, price, best_seller, category_id, menu_id, imageURL) VALUES (1, 'Margherita Pizza', 'Classic pizza with fresh mozzarella, tomato sauce, and basil', 650, 45, true, 1, 1, 'https://images.unsplash.com/photo-1604068549290-dea0e4a305ca?ixlib=rb-4.0.3&ixid=M3wxMjA3fDB8MHxwaG90by1wYWdlfHx8fGVufDB8fHx8fA%3D%3D&auto=format&fit=crop&w=1074&q=80'), (2, 'Spaghetti Carbonara', 'Traditional Roman pasta with eggs, cheese, pancetta, and black pepper', 720, 38, true, 2, 1, 'https://images.unsplash.com/photo-1621996346565-e3dbc353d2e5?ixlib=rb-4.0.3&ixid=M3wxMjA3fDB8MHxwaG90by1wYWdlfHx8fGVufDB8fHx8fA%3D%3D&auto=format&fit=crop&w=1074&q=80'), (3, 'Lasagna Bolognese', 'Layers of pasta with meat sauce, béchamel, and melted cheese', 850, 42, false, 2, 1, 'https://images.unsplash.com/photo-1619895092538-128341789043?ixlib=rb-4.0.3&ixid=M3wxMjA3fDB8MHxwaG90by1wYWdlfHx8fGVufDB8fHx8fA%3D%3D&auto=format&fit=crop&w=1170&q=80'), (4, 'Chicken Parmigiana', 'Breaded chicken breast with marinara sauce and mozzarella', 680, 48, false, 3, 1, 'https://images.unsplash.com/photo-1632778149955-e80f8ceca2e8?ixlib=rb-4.0.3&ixid=M3wxMjA3fDB8MHxwaG90by1wYWdlfHx8fGVufDB8fHx8fA%3D%3D&auto=format&fit=crop&w=1170&q=80'), (5, 'Tiramisu', 'Classic Italian dessert with coffee-soaked ladyfingers and mascarpone', 320, 25, true, 4, 1, 'https://images.unsplash.com/photo-1571877227200-a0d98ea607e9?ixlib=rb-4.0.3&ixid=M3wxMjA3fDB8MHxwaG90by1wYWdlfHx8fGVufDB8fHx8fA%3D%3D&auto=format&fit=crop&w=1074&q=80'), (6, 'Caesar Salad', 'Crisp romaine lettuce with parmesan, croutons, and Caesar dressing', 280, 28, false, 5, 1, 'https://images.unsplash.com/photo-1546793665-c74683f339c1?ixlib=rb-4.0.3&ixid=M3wxMjA3fDB8MHxwaG90by1wYWdlfHx8fGVufDB8fHx8fA%3D%3D&auto=format&fit=crop&w=1074&q=80'), (7, 'Risotto ai Funghi', 'Creamy risotto with mixed mushrooms and parmesan cheese', 580, 40, false, 3, 1, 'https://images.unsplash.com/photo-1476124369491-e7addf5db371?ixlib=rb-4.0.3&ixid=M3wxMjA3fDB8MHxwaG90by1wYWdlfHx8fGVufDB8fHx8fA%3D%3D&auto=format&fit=crop&w=1170&q=80'), (8, 'Bruschetta', 'Toasted bread topped with fresh tomatoes, garlic, and basil', 180, 22, false, 6, 1, 'https://images.unsplash.com/photo-1572441713132-51c75654db73?ixlib=rb-4.0.3&ixid=M3wxMjA3fDB8MHxwaG90by1wYWdlfHx8fGVufDB8fHx8fA%3D%3D&auto=format&fit=crop&w=1125&q=80'); INSERT INTO dish (id, name, description, calories, price, best_seller, category_id, menu_id, imageURL) VALUES (9, 'Chicken Biryani', 'Aromatic basmati rice with spiced chicken, saffron, and fried onions', 780, 35, true, 7, 2, 'https://images.unsplash.com/photo-1563379091339-03246966818a?ixlib=rb-4.0.3&ixid=M3wxMjA3fDB8MHxwaG90by1wYWdlfHx8fGVufDB8fHx8fA%3D%3D&auto=format&fit=crop&w=1170&q=80'), (10, 'Butter Chicken', 'Tender chicken in creamy tomato-based curry sauce', 650, 32, true, 8, 2, 'https://images.unsplash.com/photo-1565557623262-b51c2513a641?ixlib=rb-4.0.3&ixid=M3wxMjA3fDB8MHxwaG90by1wYWdlfHx8fGVufDB8fHx8fA%3D%3D&auto=format&fit=crop&w=1171&q=80'), (11, 'Lamb Karahi', 'Spicy lamb cooked with tomatoes, ginger, and traditional spices', 720, 42, false, 8, 2, 'https://images.unsplash.com/photo-1585937421612-70a008356fbe?ixlib=rb-4.0.3&ixid=M3wxMjA3fDB8MHxwaG90by1wYWdlfHx8fGVufDB8fHx8fA%3D%3D&auto=format&fit=crop&w=1036&q=80'), (12, 'Tandoori Chicken', 'Marinated chicken cooked in traditional clay oven', 520, 38, true, 9, 2, 'https://images.unsplash.com/photo-1599487488170-d11ec9c172f0?ixlib=rb-4.0.3&ixid=M3wxMjA3fDB8MHxwaG90by1wYWdlfHx8fGVufDB8fHx8fA%3D%3D&auto=format&fit=crop&w=1086&q=80'), (13, 'Palak Paneer', 'Cottage cheese cubes in creamy spinach curry', 480, 28, false, 10, 2, 'https://images.unsplash.com/photo-1631452180519-c014fe946bc7?ixlib=rb-4.0.3&ixid=M3wxMjA3fDB8MHxwaG90by1wYWdlfHx8fGVufDB8fHx8fA%3D%3D&auto=format&fit=crop&w=1074&q=80'), (14, 'Naan Bread', 'Soft flatbread baked in tandoor oven', 220, 8, false, 11, 2, 'https://images.unsplash.com/photo-1601050690597-df0568f70950?ixlib=rb-4.0.3&ixid=M3wxMjA3fDB8MHxwaG90by1wYWdlfHx8fGVufDB8fHx8fA%3D%3D&auto=format&fit=crop&w=1170&q=80'), (15, 'Samosas', 'Crispy pastries filled with spiced potatoes and peas', 160, 15, false, 6, 2, 'https://images.unsplash.com/photo-1601050690532-da0c6f4a2c78?ixlib=rb-4.0.3&ixid=M3wxMjA3fDB8MHxwaG90by1wYWdlfHx8fGVufDB8fHx8fA%3D%3D&auto=format&fit=crop&w=1170&q=80'), (16, 'Mango Lassi', 'Refreshing yogurt drink blended with sweet mango', 180, 12, false, 12, 2, 'https://images.unsplash.com/photo-1571091718767-18b5b1457add?ixlib=rb-4.0.3&ixid=M3wxMjA3fDB8MHxwaG90by1wYWdlfHx8fGVufDB8fHx8fA%3D%3D&auto=format&fit=crop&w=1072&q=80'), (17, 'Dal Makhani', 'Slow-cooked black lentils in rich creamy sauce', 420, 25, false, 10, 2, 'https://images.unsplash.com/photo-1546833999-b9f581a1996d?ixlib=rb-4.0.3&ixid=M3wxMjA3fDB8MHxwaG90by1wYWdlfHx8fGVufDB8fHx8fA%3D%3D&auto=format&fit=crop&w=1074&q=80'); INSERT INTO dish (id, name, description, calories, price, best_seller, category_id, menu_id, imageURL) VALUES (18, 'Ribeye Steak', 'Prime 12oz ribeye steak grilled to perfection', 980, 85, true, 13, 3, 'https://images.unsplash.com/photo-1546833999-b9f581a1996d?ixlib=rb-4.0.3&ixid=M3wxMjA3fDB8MHxwaG90by1wYWdlfHx8fGVufDB8fHx8fA%3D%3D&auto=format&fit=crop&w=1074&q=80'), (19, 'Filet Mignon', 'Tender 8oz beef tenderloin with herb butter', 620, 95, true, 13, 3, 'https://images.unsplash.com/photo-1504973960431-1c467e159aa4?ixlib=rb-4.0.3&ixid=M3wxMjA3fDB8MHxwaG90by1wYWdlfHx8fGVufDB8fHx8fA%3D%3D&auto=format&fit=crop&w=1170&q=80'), (20, 'Grilled Salmon', 'Atlantic salmon with lemon herb seasoning', 540, 55, false, 14, 3, 'https://images.unsplash.com/photo-1467003909585-2f8a72700288?ixlib=rb-4.0.3&ixid=M3wxMjA3fDB8MHxwaG90by1wYWdlfHx8fGVufDB8fHx8fA%3D%3D&auto=format&fit=crop&w=1074&q=80'), (21, 'BBQ Ribs', 'Full rack of baby back ribs with house BBQ sauce', 1200, 65, false, 15, 3, 'https://images.unsplash.com/photo-1544025162-d76694265947?ixlib=rb-4.0.3&ixid=M3wxMjA3fDB8MHxwaG90by1wYWdlfHx8fGVufDB8fHx8fA%3D%3D&auto=format&fit=crop&w=1169&q=80'), (22, 'Lobster Tail', 'Grilled lobster tail with garlic butter', 320, 75, false, 14, 3, 'https://images.unsplash.com/photo-1559847844-d7104cb50552?ixlib=rb-4.0.3&ixid=M3wxMjA3fDB8MHxwaG90by1wYWdlfHx8fGVufDB8fHx8fA%3D%3D&auto=format&fit=crop&w=1143&q=80'), (23, 'Loaded Baked Potato', 'Baked potato with cheese, bacon, and sour cream', 450, 18, false, 16, 3, 'https://images.unsplash.com/photo-1518013431117-eb1465fa5752?ixlib=rb-4.0.3&ixid=M3wxMjA3fDB8MHxwaG90by1wYWdlfHx8fGVufDB8fHx8fA%3D%3D&auto=format&fit=crop&w=1170&q=80'), (24, 'Caesar Salad with Chicken', 'Classic Caesar salad topped with grilled chicken', 480, 32, false, 17, 3, 'https://images.unsplash.com/photo-1512621776951-a57141f2eefd?ixlib=rb-4.0.3&ixid=M3wxMjA3fDB8MHxwaG90by1wYWdlfHx8fGVufDB8fHx8fA%3D%3D&auto=format&fit=crop&w=1170&q=80'), (25, 'Chocolate Lava Cake', 'Warm chocolate cake with molten center and vanilla ice cream', 580, 28, true, 18, 3, 'https://images.unsplash.com/photo-1606313564200-e75d5e30476c?ixlib=rb-4.0.3&ixid=M3wxMjA3fDB8MHxwaG90by1wYWdlfHx8fGVufDB8fHx8fA%3D%3D&auto=format&fit=crop&w=1074&q=80'); INSERT INTO dish (id, name, description, calories, price, best_seller, category_id, menu_id, imageURL) VALUES (26, 'Tonkotsu Ramen', 'Rich pork bone broth with chashu pork, egg, and green onions', 720, 32, true, 19, 4, 'https://images.unsplash.com/photo-1569718212165-3a8278d5f624?ixlib=rb-4.0.3&ixid=M3wxMjA3fDB8MHxwaG90by1wYWdlfHx8fGVufDB8fHx8fA%3D%3D&auto=format&fit=crop&w=1080&q=80'), (27, 'Miso Ramen', 'Savory soybean paste broth with corn, bamboo shoots, and nori', 580, 28, false, 19, 4, 'https://images.unsplash.com/photo-1617093727343-374698b1b08d?ixlib=rb-4.0.3&ixid=M3wxMjA3fDB8MHxwaG90by1wYWdlfHx8fGVufDB8fHx8fA%3D%3D&auto=format&fit=crop&w=1170&q=80'), (28, 'Chicken Teriyaki', 'Grilled chicken with sweet teriyaki glaze and steamed rice', 620, 35, false, 3, 4, 'https://images.unsplash.com/photo-1630409346254-b2d82fbe24e0?ixlib=rb-4.0.3&ixid=M3wxMjA3fDB8MHxwaG90by1wYWdlfHx8fGVufDB8fHx8fA%3D%3D&auto=format&fit=crop&w=1074&q=80'), (29, 'Sushi Combo', 'Assorted nigiri sushi with tuna, salmon, and shrimp', 450, 48, true, 20, 4, 'https://images.unsplash.com/photo-1553621042-f6e147245754?ixlib=rb-4.0.3&ixid=M3wxMjA3fDB8MHxwaG90by1wYWdlfHx8fGVufDB8fHx8fA%3D%3D&auto=format&fit=crop&w=1125&q=80'), (30, 'Tempura Udon', 'Thick wheat noodles in dashi broth with crispy tempura', 680, 30, false, 21, 4, 'https://images.unsplash.com/photo-1552611052-33e04de081de?ixlib=rb-4.0.3&ixid=M3wxMjA3fDB8MHxwaG90by1wYWdlfHx8fGVufDB8fHx8fA%3D%3D&auto=format&fit=crop&w=1074&q=80'), (31, 'Gyoza', 'Pan-fried pork dumplings with dipping sauce', 280, 18, true, 6, 4, 'https://images.unsplash.com/photo-1496116218417-1a781b1c416c?ixlib=rb-4.0.3&ixid=M3wxMjA3fDB8MHxwaG90by1wYWdlfHx8fGVufDB8fHx8fA%3D%3D&auto=format&fit=crop&w=1170&q=80'), (32, 'Chirashi Bowl', 'Assorted sashimi over seasoned sushi rice', 520, 42, false, 22, 4, 'https://images.unsplash.com/photo-1583623025817-d180a2221d0a?ixlib=rb-4.0.3&ixid=M3wxMjA3fDB8MHxwaG90by1wYWdlfHx8fGVufDB8fHx8fA%3D%3D&auto=format&fit=crop&w=1171&q=80'), (33, 'Mochi Ice Cream', 'Sweet rice cake filled with ice cream', 180, 15, false, 18, 4, 'https://images.unsplash.com/photo-1563805042-7684c019e1cb?ixlib=rb-4.0.3&ixid=M3wxMjA3fDB8MHxwaG90by1wYWdlfHx8fGVufDB8fHx8fA%3D%3D&auto=format&fit=crop&w=1227&q=80'), (34, 'Edamame', 'Steamed soybeans with sea salt', 120, 12, false, 6, 4, 'https://images.unsplash.com/photo-1609501676725-7186f522c50b?ixlib=rb-4.0.3&ixid=M3wxMjA3fDB8MHxwaG90by1wYWdlfHx8fGVufDB8fHx8fA%3D%3D&auto=format&fit=crop&w=1074&q=80'); INSERT INTO dish (id, name, description, calories, price, best_seller, category_id, menu_id, imageURL) VALUES (35, 'Grilled Sea Bass', 'Fresh sea bass with Mediterranean herbs and olive oil', 420, 52, true, 14, 5, 'https://images.unsplash.com/photo-1544943910-4c1dc44aab44?ixlib=rb-4.0.3&ixid=M3wxMjA3fDB8MHxwaG90by1wYWdlfHx8fGVufDB8fHx8fA%3D%3D&auto=format&fit=crop&w=1074&q=80'), (36, 'Lamb Souvlaki', 'Marinated lamb skewers with tzatziki and pita bread', 680, 38, false, 9, 5, 'https://images.unsplash.com/photo-1544510808-302c7c0d5df6?ixlib=rb-4.0.3&ixid=M3wxMjA3fDB8MHxwaG90by1wYWdlfHx8fGVufDB8fHx8fA%3D%3D&auto=format&fit=crop&w=1170&q=80'), (37, 'Greek Salad', 'Fresh tomatoes, cucumbers, olives, and feta cheese', 320, 25, true, 17, 5, 'https://images.unsplash.com/photo-1540420773420-3366772f4999?ixlib=rb-4.0.3&ixid=M3wxMjA3fDB8MHxwaG90by1wYWdlfHx8fGVufDB8fHx8fA%3D%3D&auto=format&fit=crop&w=1084&q=80'), (38, 'Hummus Platter', 'Creamy chickpea dip with warm pita bread and vegetables', 380, 22, false, 6, 5, 'https://images.unsplash.com/photo-1571019613454-1cb2f99b2d8b?ixlib=rb-4.0.3&ixid=M3wxMjA3fDB8MHxwaG90by1wYWdlfHx8fGVufDB8fHx8fA%3D%3D&auto=format&fit=crop&w=1170&q=80'), (39, 'Moussaka', 'Layered eggplant casserole with meat sauce and béchamel', 750, 35, false, 3, 5, 'https://images.unsplash.com/photo-1574484284002-952d92456975?ixlib=rb-4.0.3&ixid=M3wxMjA3fDB8MHxwaG90by1wYWdlfHx8fGVufDB8fHx8fA%3D%3D&auto=format&fit=crop&w=1087&q=80'), (40, 'Falafel Wrap', 'Crispy chickpea balls with tahini sauce in pita wrap', 520, 28, true, 23, 5, 'https://images.unsplash.com/photo-1529006557810-274b9b2fc783?ixlib=rb-4.0.3&ixid=M3wxMjA3fDB8MHxwaG90by1wYWdlfHx8fGVufDB8fHx8fA%3D%3D&auto=format&fit=crop&w=1170&q=80'), (41, 'Grilled Halloumi', 'Grilled Cypriot cheese with herbs and olive oil', 280, 20, false, 6, 5, 'https://images.unsplash.com/photo-1571019613454-1cb2f99b2d8b?ixlib=rb-4.0.3&ixid=M3wxMjA3fDB8MHxwaG90by1wYWdlfHx8fGVufDB8fHx8fA%3D%3D&auto=format&fit=crop&w=1170&q=80'), (42, 'Baklava', 'Flaky pastry with nuts and honey syrup', 420, 18, false, 18, 5, 'https://images.unsplash.com/photo-1599599810769-bcde5a160d32?ixlib=rb-4.0.3&ixid=M3wxMjA3fDB8MHxwaG90by1wYWdlfHx8fGVufDB8fHx8fA%3D%3D&auto=format&fit=crop&w=1035&q=80'), (43, 'Tabbouleh', 'Fresh parsley salad with tomatoes, mint, and bulgur', 180, 22, false, 17, 5, 'https://images.unsplash.com/photo-1572441713132-51c75654db73?ixlib=rb-4.0.3&ixid=M3wxMjA3fDB8MHxwaG90by1wYWdlfHx8fGVufDB8fHx8fA%3D%3D&auto=format&fit=crop&w=1125&q=80');